{
	"name" : "Falu",
	"staticEnergy" : 0.04,
	"F2D" :			             {"energy": 1.3, "duration": 1},
	"FTRUNC" :              {"energy": 1.3, "duration": 1},
	"F2L" :             {"energy": 1.5, "duration": 1},
	"DTRUNC" :             {"energy": 1.5, "duration": 1},
	"F2I" :              {"energy": 1.4, "duration": 4},
	"FSUB" :                {"energy": 4.0, "duration": 4},
	"I2F" :              {"energy": 1.4, "duration": 4},
	"FCMPG" :                {"energy": 1.3, "duration": 1},
	"DCMPL" :               {"energy": 1.5, "duration": 1},
	"DSUB" :               {"energy": 5.0, "duration": 1},
	"DMUL" :               {"energy": 12.9, "duration": 1},
	"L2F" :             {"energy": 1.5, "duration": 1},
	"DREM" :               {"energy": 24.3, "duration": 1},
	"I2D" :             {"energy": 1.7, "duration": 1},
	"FREM" :                {"energy": 20.3, "duration": 24},
	"D2F" :           {"energy": 1.0, "duration": 1},
	"DNEG" :               {"energy": 1.0, "duration": 1},
	"DDIV" :               {"energy": 24.3, "duration": 1},
	"FADD" :                {"energy": 4.3, "duration": 4},
	"D2I" :             {"energy": 1.7, "duration": 1},
	"FMUL" :                {"energy": 10.32, "duration": 4},
	"DCMPG" :               {"energy": 1.5, "duration": 1},
	"D2L" :            {"energy": 1.7, "duration": 1},
	"FCMPL" :                {"energy": 1.3, "duration": 1},
	"DADD" :               {"energy": 5.0, "duration": 1},
	"FDIV" :                {"energy": 20.3, "duration": 24},
	"FNEG" :                {"energy": 4.0, "duration": 1},
	"L2D" :            {"energy": 1.7, "duration": 1},
}