{
	"name" : "FrameStack",
	"staticEnergy" : 0.05,
	"PUSH64" :                   {"energy": 1.94, "duration": 1},
	"LOAD64" :                   {"energy": 4.08, "duration": 3},
	"LOAD32_0" :                 {"energy": 1.94, "duration": 2},
	"LOAD32_1" :                 {"energy": 1.94, "duration": 2},
	"DUP2" :                     {"energy": 1.94, "duration": 2},
	"DUP4" :                     {"energy": 5.82, "duration": 6},
	"ICONST_M1" :                {"energy": 0.97, "duration": 1},
	"STORE32" :                  {"energy": 1.94, "duration": 2},
	"LOAD32_2" :                 {"energy": 1.94, "duration": 2},
	"LOAD32_3" :                 {"energy": 1.94, "duration": 2},
	"PUSH32" :                   {"energy": 0.97, "duration": 1},
	"DCONST_0" :                 {"energy": 1.97, "duration": 2},
	"POP64" :                    {"energy": 1.94, "duration": 1},
	"DCONST_1" :                 {"energy": 1.94, "duration": 2},
	"FCONST_2" :                 {"energy": 0.97, "duration": 1},
	"PUSHREF" :                  {"energy": 0.97, "duration": 1},
	"LCONST_1" :                 {"energy": 1.94, "duration": 2},
	"LCONST_0" :                 {"energy": 1.94, "duration": 2},
	"SWAP" :                     {"energy": 1.94, "duration": 2},
	"RETURN64" :                 {"energy": 5.82, "duration": 6},
	"NEWTHREAD" :                {"energy": 0.97, "duration": 1},
	"FCONST_0" :                 {"energy": 0.97, "duration": 1},
	"FCONST_1" :                 {"energy": 0.97, "duration": 1},
	"PEEK_1" :                   {"energy": 0.97, "duration": 1},
	"STORE64_2" :                {"energy": 3.88, "duration": 3},
	"STORE64_3" :                {"energy": 3.88, "duration": 3},
	"STORE64_0" :                {"energy": 3.88, "duration": 3},
	"STORE64_1" :                {"energy": 3.88, "duration": 3},
	"STORE64" :                  {"energy": 3.88, "duration": 3},
	"THREADSWITCH" :             {"energy": 10.3, "duration": 6},
	"RETURN" :                   {"energy": 4.3, "duration": 6},
	"DUP2_X2" :                  {"energy": 4.88, "duration": 8},
	"RETURN32" :                 {"energy": 4.3, "duration": 6},
	"DUP2_X1" :                  {"energy": 3.92, "duration": 6},
	"REMOVE64" :                 {"energy": 4.08, "duration": 3},
	"POP32" :                    {"energy": 0.97, "duration": 1},
	"CLEARFRAME" :               {"energy": 0.97, "duration": 1},
	"DUP" :                      {"energy": 1.94, "duration": 1},
	"STORE32_0" :                {"energy": 1.94, "duration": 2},
	"STORE32_1" :                {"energy": 1.94, "duration": 2},
	"ACONST" :                   {"energy": 0.97, "duration": 1},
	"STORE32_2" :                {"energy": 1.94, "duration": 2},
	"STORE32_3" :                {"energy": 1.94, "duration": 2},
	"DUP_X1" :                   {"energy": 2.91, "duration": 3},
	"DUP_X2" :                   {"energy": 3.88, "duration": 5},
	"ICONST_5" :                 {"energy": 0.97, "duration": 1},
	"REMOVETHREAD" :             {"energy": 1.94, "duration": 1},
	"LOAD32" :                   {"energy": 1.94, "duration": 2},
	"LOAD64_3" :                 {"energy": 3.88, "duration": 3},
	"ICONST_0" :                 {"energy": 0.97, "duration": 1},
	"ICONST_1" :                 {"energy": 0.97, "duration": 1},
	"ICONST_2" :                 {"energy": 0.97, "duration": 1},
	"ICONST_3" :                 {"energy": 0.97, "duration": 1},
	"ICONST_4" :                 {"energy": 0.97, "duration": 1},
	"REMOVE32" :                 {"energy": 2.91, "duration": 3},
	"INVOKE" :                   {"energy": 4.3, "duration": 4},
	"LOAD64_0" :                 {"energy": 3.88, "duration": 3},
	"PEEK" :                     {"energy": 0.97, "duration": 2},
	"LOAD64_1" :                 {"energy": 3.88, "duration": 3},
	"LOAD64_2" :                 {"energy": 3.88, "duration": 3}
}