{
	"name" : "Heap",
	"staticEnergy" : 0.08,
	"CacheConfig" : "config/FU/Cache/HeapCache.json",
	"L2CacheConfig" : "config/FU/Cache/L2Cache.json",
	"htCacheConfig" : "config/FU/Cache/HTCache.json",
	
	"SET_MID" :                  {"energy": 0.97, "duration": 1},
	"PIO_WRITE_64" :             {"energy": 4.14, "duration": 1},
	"PIO_WRITE" :                {"energy": 1.97, "duration": 1},
	"O_WRITE_64" :               {"energy": 4.08, "duration": 1},
	"GET_CTI" :                  {"energy": 0.97, "duration": 1},
	"PIO_READ" :                 {"energy": 1.97, "duration": 1},
	"HO_WRITE_64" :              {"energy": 6.12, "duration": 1},
	"H_READ_64" :                {"energy": 4.08, "duration": 1},
	"H_READ" :                   {"energy": 1.94, "duration": 1},
	"H_WRITE_ARRAY" :            {"energy": 1.94, "duration": 1},
	"ALLOC_OBJ" :                {"energy": 4.3, "duration": 2},
	"O_READ_ARRAY" :             {"energy": 1.94, "duration": 1},
	"PIO_READ_ARRAY_64" :        {"energy": 4.14, "duration": 1},
	"H_WRITE_ARRAY_64" :         {"energy": 4.08, "duration": 1},
	"HO_READ_ARRAY" :            {"energy": 2.91, "duration": 4},
	"PIO_WRITE_ARRAY_64" :       {"energy": 4.08, "duration": 1},
	"HO_READ_ARRAY_64" :         {"energy": 6.12, "duration": 1},
	"O_READ" :                   {"energy": 1.94, "duration": 1},
	"WRITE_64" :                 {"energy": 2.04, "duration": 1},
	"SET_FLAGS" :                {"energy": 0.97, "duration": 1},
	"O_WRITE_ARRAY" :            {"energy": 1.94, "duration": 1},
	"PHY_WRITE" :                {"energy": 1.94, "duration": 1},
	"READ" :                     {"energy": 0.97, "duration": 1},
	"WRITE_ARRAY" :              {"energy": 0.97, "duration": 1},
	"HO_WRITE_ARRAY_64" :        {"energy": 6.12, "duration": 1},
	"O_WRITE_ARRAY_64" :         {"energy": 4.08, "duration": 1},
	"READ_64" :                  {"energy": 2.04, "duration": 1},
	"ALLOC_MULTI_ARRAY_64" :     {"energy": 12.33, "duration": 1},
	"H_READ_ARRAY_64" :          {"energy": 4.08, "duration": 1},
	"HO_READ" :                  {"energy": 2.91, "duration": 1},
	"SET_MULTI_ARRAY_DIM_SIZE" : {"energy": 0.97, "duration": 1},
	"H_WRITE" :                  {"energy": 1.94, "duration": 1},
	"PIO_WRITE_ARRAY" :          {"energy": 1.97, "duration": 1},
	"PIO_READ_ARRAY" :           {"energy": 1.97, "duration": 1},
	"HO_WRITE_ARRAY" :           {"energy": 2.91, "duration": 4},
	"HO_READ_64" :               {"energy": 6.12, "duration": 1},
	"O_READ_64" :                {"energy": 4.8, "duration": 1},
	"ALLOC_ARRAY" :              {"energy": 4.3, "duration": 2},
	"WRITE" :                    {"energy": 0.97, "duration": 1},
	"GET_FLAGS" :                {"energy": 0.97, "duration": 1},
	"H_READ_ARRAY" :             {"energy": 1.94, "duration": 1},
	"GET_SIZE" :                 {"energy": 0.97, "duration": 1},
	"ALLOC_ARRAY_64" :           {"energy": 4.3, "duration": 1},
	"WRITE_ARRAY_64" :           {"energy": 2.04, "duration": 1},
	"O_WRITE" :                  {"energy": 1.7, "duration": 1},
	"READ_ARRAY_64" :            {"energy": 4.08, "duration": 1},
	"HO_WRITE" :                 {"energy": 2.91, "duration": 1},
	"PHY_READ" :                 {"energy": 1.94, "duration": 1},
	"CLONE" :                    {"energy": 1.94, "duration": 1},
	"SET_BASE" :                 {"energy": 0.97, "duration": 1},
	"ALLOC_MULTI_ARRAY" :        {"energy": 12.33, "duration": 1},
	"H_WRITE_64" :               {"energy": 4.08, "duration": 1},
	"O_READ_ARRAY_64" :          {"energy": 4.08, "duration": 1},
	"SETUP_MULTI_ARRAY" :        {"energy": 1.94, "duration": 1},
	"READ_ARRAY" :               {"energy": 0.97, "duration": 1},
	"PIO_READ_64" :              {"energy": 4.14, "duration": 1},
	"GET_MID" :                  {"energy": 0.97, "duration": 1},
	"INVALIDATE" :                  {"energy": 0.97, "duration": 1},
	"SET_SIZE" :                  {"energy": 0.97, "duration": 1},
	"FLUSH" :                  {"energy": 0.97, "duration": 1},
	"FLUSH_INVALIDATE" :                  {"energy": 0.97, "duration": 1},
	"SET_CTI" :                  {"energy": 0.97, "duration": 1}

}