{
	"name" : "Ialu",
	"staticEnergy" : 0.03,
	"LDIV" :                     {"energy": 10.84, "duration": 12},
	"LNEG" :                     {"energy": 2.1, "duration": 1},
	"LAND" :                     {"energy": 1.96, "duration": 1},
	"LXOR" :                     {"energy": 1.96, "duration": 1},
	"ISHL" :                     {"energy": 1.04, "duration": 1},
	"LREM" :                     {"energy": 10.84, "duration": 12},
	"ISUB" :                     {"energy": 1.0, "duration": 1},
	"ISHR" :                     {"energy": 1.04, "duration": 1},
	"LADD" :                     {"energy": 2.1, "duration": 1},
	"I2B" :                      {"energy": 0.97, "duration": 1},
	"IMUL" :                     {"energy": 2.58, "duration": 1},
	"I2C" :                      {"energy": 0.97, "duration": 1},
	"IUSHR" :                    {"energy": 1.04, "duration": 1},
	"ICMP" :                     {"energy": 1.0, "duration": 1},
	"LUSHR" :                    {"energy": 2.18, "duration": 1},
	"L2I" :                      {"energy": 1.04, "duration": 1},
	"I2L" :                      {"energy": 1.3, "duration": 1},
	"INEG" :                     {"energy": 1.0, "duration": 1},
	"LSHL" :                     {"energy": 2.18, "duration": 1},
	"IDIV" :                     {"energy": 5.16, "duration": 8},
	"I2S" :                      {"energy": 0.97, "duration": 1},
	"IAND" :                     {"energy": 0.98, "duration": 1},
	"IOR" :                      {"energy": 0.98, "duration": 1},
	"LOR" :                      {"energy": 1.96, "duration": 1},
	"IXOR" :                     {"energy": 0.98, "duration": 1},
	"ICMP_ZERO" :                {"energy": 0.98, "duration": 1},
	"LSHR" :                     {"energy": 2.18, "duration": 1},
	"IREM" :                     {"energy": 5.16, "duration": 8},
	"LSUB" :                     {"energy": 2.1, "duration": 1},
	"LCMP" :                     {"energy": 2.1, "duration": 1},
	"IADD" :                     {"energy": 1.0, "duration": 1},
	"LMUL" :                     {"energy": 5.42, "duration": 1}
}