{
	"name" : "TokenMachine",
	"staticEnergy" : 0.10,
	"bytecodeEnergy" : 0.97,
	"SENDBYTECODE_3_4" :         {"energy": 0.97, "duration": 1},
	"RET" :                      {"energy": 1.94, "duration": 1},
	"BRANCH_IF_LE" :             {"energy": 1.97, "duration": 1},
	"INSTANCEOF" :               {"energy": 17.3, "duration": 1},
	"BRANCH_IF_NE" :             {"energy": 1.97, "duration": 1},
	"NEWARRAY_CTI" :             {"energy": 2.91, "duration": 3},
	"SENDBYTECODE_1_2" :         {"energy": 0.97, "duration": 1},
	"CHECKCAST" :                {"energy": 17.3, "duration": 1},
	"THROW" :                    {"energy": 3.88, "duration": 1},
	"NOP_CONST" :                {"energy": 1111.3, "duration": 1},
	"THREADSWITCH" :             {"energy": 1111.3, "duration": 1},
	"LDC" :                      {"energy": 0.97, "duration": 1},
	"CLASSSIZE" :                {"energy": 0.97, "duration": 3},
	"BRANCH_IF_GT" :             {"energy": 1.97, "duration": 1},
	"BRANCH_IF_EQ" :             {"energy": 1.97, "duration": 1},
	"RETURN" :                   {"energy": 3.88, "duration": 4},
	"LOAD_ARG_IOLI_RIMTI" :      {"energy": 1.44, "duration": 1},
	"INVOKE_STATIC" :            {"energy": 3.88, "duration": 5},
	"BRANCH_IF_GE" :             {"energy": 0.97, "duration": 1},
	"FORCESCHEDULING" :          {"energy": 1111.3, "duration": 1},
	"BRANCH" :                   {"energy": 1.0, "duration": 1},
	"SENDBYTECODE_3" :           {"energy": 0.97, "duration": 1},
	"SENDBYTECODE_2" :           {"energy": 0.97, "duration": 1},
	"LDC2" :                     {"energy": 1.94, "duration": 1},
	"JSR" :                      {"energy": 1.94, "duration": 1},
	"LOOP_0_BYTECODE_1" :        {"energy": 0.97, "duration": 1},
	"LOOP_0_BYTECODE_2" :        {"energy": 0.97, "duration": 1},
	"LOOP_0_BYTECODE_3" :        {"energy": 0.97, "duration": 1},
	"LOOP_0_BYTECODE_4" :        {"energy": 0.97, "duration": 1},
	"LOAD_SYNTH_CONST" :         {"energy": 1.94, "duration": 1},
	"LOAD_SYNTH_CONSTL" :        {"energy": 1.94, "duration": 1},
	"SENDBYTECODE_1_2_3_4" :     {"energy": 0.97, "duration": 1},
	"BRANCH_IF_LT" :             {"energy": 1.97, "duration": 1},
	"INVOKE_INTERFACE" :         {"energy": 3.88, "duration": 5},
	"LOAD_ARG_RMTI" :            {"energy": 1.44, "duration": 1},
	"INVOKE" :                   {"energy": 3.88, "duration": 3},
	"INIT_LIVE_IN_OUT" :         {"energy": 1.94, "duration": 1},
	"LOAD_LIVE_IN_OUT" :         {"energy": 1.94, "duration": 1},	
	"SENDBYTECODE_1" :           {"energy": 0.97, "duration": 1},
	"MULTINEWARRAY_CTI" :  		 	{"energy": 0.97, "duration": 1},
	"RECEIVE" :  		 			{"energy": 0.97, "duration": 1},
	"THROW_INJECT" :  		 {"energy": 0.97, "duration": 1},
	"HARDWARE_EXCEPTION_INVOKE" :  		 {"energy": 0.97, "duration": 1},
	"LOAD_ARG" :  		 {"energy": 0.97, "duration": 1},
	"RECEIVE_WIDE" :  		 {"energy": 0.97, "duration": 1},
	
	
}