{
"PEs" : 
	{
	"0" : "PE_no_mem.json",
	"1" : "PE_mem.json",
	"2" : "PE_no_mem.json",
	"3" : "PE_no_mem.json",
	"4" : "PE_no_mem.json",
	"5" : "PE_no_mem.json",
	"6" : "PE_no_mem.json",
	"7" : "PE_mem.json",
	"8" : "PE_mem.json",
	"9" : "PE_no_mem.json",
	"10" : "PE_no_mem.json",
	"11" : "PE_no_mem.json",
	"12" : "PE_no_mem.json",
	"13" : "PE_no_mem.json",
	"14" : "PE_mem.json",
	"15" : "PE_no_mem.json"
	},
"Context_memory_size" : 4096,
"Interconnect" : "Interconnect_16pe_mesh.json",
"CBox_slots" : 128,
"CBox_evaluation_blocks" : 4,
"CBOX_output_ports_per_evaluation_blocks" : 1,
"Pipelined" : false,
"SecondRFOutput2ALU" : false,
"Branch_selection_mode" : "default"
}
