
{
"name" : "CGRA16",
"composition" : "CGRA_16_comp.json",
"CacheConfig" : "config/FU/Cache/Cache.json",
"htCacheConfig" : "config/FU/Cache/HTCache.json",


	"staticEnergy" : 0.01,
	"SENDLOCALVAR" :					{"energy": 1.3, "duration": 1},
	"INIT" :           					{"energy": 1.3, "duration": 1},
	"RUN" :           					{"energy": 1.3, "duration": 1},
	"LOADPROGRAM" :      				{"energy": 1.3, "duration": 1},
	"RECEIVELOCALVAR" :					{"energy": 1.3, "duration": 1},
	"WRITECONTEXT" :					{"energy": 1.3, "duration": 1}
}
