{
"name" : "Interconnect",
"Interconnection":
	{
	"0" : [1,4],
	"1" : [0,2,5],
	"2" : [1,3,6],
	"3" : [2,7],
	"4" : [0,5,8],
	"5" : [1,4,6,9],
	"6" : [2,5,7,10],
	"7" : [3,6,11],
	"8" : [4,9,12],
	"9" : [5,8,10,13],
	"10" : [6,9,11,14],
	"11" : [7,10,15],
	"12" : [8,13],
	"13" : [9,12,14],
	"14" : [10,13,15],
	"15" : [11,14]
	},
"live_out" :
	{
	"0" : false,
	"1" : true,
	"2" : false,
	"3" : false,
	"4" : false,
	"5" : false,
	"6" : false,
	"7" : true,
	"8" : true,
	"9" : false,
	"10" : false,
	"11" : false,
	"12" : false,
	"13" : false,
	"14" : true,
	"15" : false
	}
}