{
	"name"      : "PE_TYPE_mem",
	"IADD" : {"energy": 1.100000,"duration": 1},
	"ISUB" : {"energy": 1.100000,"duration": 1},
	"IDIV" : {"energy": 7.700000,"duration": 7},
    "IMUL" : {"energy": 4.400000,"duration": 2},
	"IREM" : {"energy": 1.100000,"duration": 7},
	"IOR" : {"energy": 1.100000,"duration": 1},
	"IAND" : {"energy": 1.100000,"duration": 1},
	"IXOR" : {"energy": 1.100000,"duration": 1},
	"ISHL" : {"energy": 1.100000,"duration": 1},
	"ISHR" : {"energy": 1.100000,"duration": 1},
	"IUSHR" : {"energy": 1.100000,"duration": 1},
	"FADD" : {"energy": 1.100000,"duration": 6},
	"FSUB" : {"energy": 1.100000,"duration": 6},
	"FMUL" : {"energy": 4.400000,"duration": 5},
	"FDIV" : {"energy": 7.700000,"duration": 10},
	"LOAD" : {"energy": 2.200000,"duration": 1},
	"STORE" : {"energy": 1.100000,"duration": 1},
	"LOAD64" : {"energy": 2.200000,"duration": 2},
	"STORE64" : {"energy": 1.100000,"duration": 2},
	"DMA_LOAD" : {"energy": 2.200000,"duration": 2},
	"CACHE_FETCH" : {"energy": 2.200000,"duration": 2},
	"DMA_STORE" : {"energy": 2.200000,"duration": 1},
		"DMA_LOAD64" : {"energy": 2.200000,"duration": 4},
	"DMA_STORE64" : {"energy": 2.200000,"duration": 2},
	"IFEQ" : {"energy": 1.100000,"duration": 1},
	"IFNE" : {"energy": 1.100000,"duration": 1},
	"IFGE" : {"energy": 1.100000,"duration": 1},
	"IFGT" : {"energy": 1.100000,"duration": 1},
	"IFLE" : {"energy": 1.100000,"duration": 1},
	"IFLT" : {"energy": 1.100000,"duration": 1},
	"CI_CMP" : {"energy": 1.100000,"duration": 1},
	"HANDLE_CMP" : {"energy": 1.100000,"duration": 1},
	"CONST" : {"energy": 1.100000,"duration": 1},
	"CONST64" : {"energy": 1.100000,"duration": 1},
	"I2F" : {"energy": 1.100000,"duration": 1},
	"F2I" : {"energy": 1.100000,"duration": 1},
	"I2B" : {"energy": 1.100000,"duration": 1},
	"I2C" : {"energy": 1.100000,"duration": 1},
	"I2S" : {"energy": 1.100000,"duration": 1},
	"INEG" : {"energy": 1.100000,"duration": 1},
	"FNEG" : {"energy": 1.100000,"duration": 1},
	"FSIN" : {"energy": 7.77770,"duration": 7},
	"FCOS" : {"energy": 7.77770,"duration": 7},
	"NOP" : {"energy": 1.100000,"duration": 1}
	"Regfile_size" : 256,
}
